,Product_name,price,Description,reviews
0,"Infinix Note 12 Pro 5G (Snowfall, 128 GB)","₹15,999",8 GB RAM | 128 GB ROM | Expandable Upto 2 TB17.02 cm (6.7 inch) Full HD+ AMOLED Display108MP + 2MP (Depth) + 2MP (Macro) | 16MP Front Camera5000 mAh Li-ion Polymer BatteryMediatek Dimensity 810 5G Processor1 Year on Handset and 6 Months on Accessories,4.1
1,"realme 10 (Clash White, 128 GB)","₹15,499",8 GB RAM | 128 GB ROM | Expandable Upto 1 TB16.26 cm (6.4 inch) Full HD+ Display50MP + 2MP | 16MP Front Camera5000 mAh BatteryMediatek Helio G99 Octa Core Processor1 Year Manufacturer Warranty for Phone and 6 Months Warranty for In-Box Accessories,4.3
2,"MOTOROLA g73 5G (Lucent White, 128 GB)","₹16,999",8 GB RAM | 128 GB ROM | Expandable Upto 1 TB16.51 cm (6.5 inch) Full HD+ Display50MP + 8MP | 16MP Front Camera5000 mAh BatteryMediatek Dimensity 930 Processor1 Year Manufacturer Warranty for Phone and 6 Months Warranty for In the Box Accessories,3.9
3,"POCO X5 5G (Jaguar Black, 256 GB)","₹16,999",8 GB RAM | 256 GB ROM | Expandable Upto 1 TB16.94 cm (6.67 inch) Full HD+ Display48MP + 8MP + 2MP | 13MP Front Camera5000 mAh BatteryQualcomm Snapdragon 695 Processor1 Year Manufacturer Warranty for Phone and 6 Months Warranty for In the Box Accessories,4.1
4,"realme 10 Pro 5G (Dark Matter, 128 GB)","₹19,999",8 GB RAM | 128 GB ROM | Expandable Upto 1 TB17.07 cm (6.72 inch) Full HD+ Display108MP + 2MP | 16MP Front Camera5000 mAh BatteryQualcomm Snapdragon 695 5G Processor1 Year Manufacturer Warranty for Phone and 6 Months Warranty for In-Box Accessories,4.3
5,"SAMSUNG Galaxy F14 5G (OMG Black, 128 GB)","₹12,990","4 GB RAM | 128 GB ROM | Expandable Upto 1 TB16.76 cm (6.6 inch) Full HD+ Display50MP + 2MP | 13MP Front Camera6000 mAh BatteryExynos 1330, Octa Core Processor1 Year Manufacturer Warranty for Device and 6 Months Manufacturer Warranty for In-Box Accessories",4.2
6,"realme 10 Pro 5G (Hyperspace, 128 GB)","₹19,999",8 GB RAM | 128 GB ROM | Expandable Upto 1 TB17.07 cm (6.72 inch) Full HD+ Display108MP + 2MP | 16MP Front Camera5000 mAh BatteryQualcomm Snapdragon 695 5G Processor1 Year Manufacturer Warranty for Phone and 6 Months Warranty for In-Box Accessories,4.3
7,"realme 10 (Rush Black, 128 GB)","₹15,499",8 GB RAM | 128 GB ROM | Expandable Upto 1 TB16.26 cm (6.4 inch) Full HD+ Display50MP + 2MP | 16MP Front Camera5000 mAh BatteryMediatek Helio G99 Octa Core Processor1 Year Manufacturer Warranty for Phone and 6 Months Warranty for In-Box Accessories,4.3
8,"Infinix HOT 20 5G (Blaster Green, 64 GB)","₹11,499",4 GB RAM | 64 GB ROM | Expandable Upto 1 TB16.76 cm (6.6 inch) Full HD+ Display50MP + AI Lens | 8MP Front Camera5000 mAh Li-ion Polymer BatteryDimensity 810 Processor1 Year on Handset and 6 Months on Accessories,4.2
9,"Infinix HOT 20 5G (Space Blue, 64 GB)","₹11,499",4 GB RAM | 64 GB ROM | Expandable Upto 1 TB16.76 cm (6.6 inch) Full HD+ Display50MP + AI Lens | 8MP Front Camera5000 mAh Li-ion Polymer BatteryDimensity 810 Processor1 Year on Handset and 6 Months on Accessories,4.2
10,"realme 10 Pro 5G (Nebula Blue, 128 GB)","₹19,999",8 GB RAM | 128 GB ROM | Expandable Upto 1 TB17.07 cm (6.72 inch) Full HD+ Display108MP + 2MP | 16MP Front Camera5000 mAh BatteryQualcomm Snapdragon 695 5G Processor1 Year Manufacturer Warranty for Phone and 6 Months Warranty for In-Box Accessories,4.3
11,"realme 10 Pro 5G (Nebula Blue, 128 GB)","₹18,999",6 GB RAM | 128 GB ROM | Expandable Upto 1 TB17.07 cm (6.72 inch) Full HD+ Display108MP + 2MP | 16MP Front Camera5000 mAh BatteryQualcomm Snapdragon 695 5G Processor1 Year Manufacturer Warranty for Phone and 6 Months Warranty for In-Box Accessories,4.3
12,"realme 10 Pro 5G (Hyperspace, 128 GB)","₹18,999",6 GB RAM | 128 GB ROM | Expandable Upto 1 TB17.07 cm (6.72 inch) Full HD+ Display108MP + 2MP | 16MP Front Camera5000 mAh BatteryQualcomm Snapdragon 695 5G Processor1 Year Manufacturer Warranty for Phone and 6 Months Warranty for In-Box Accessories,4.3
13,"realme 10 Pro 5G (Dark Matter, 128 GB)","₹18,999",6 GB RAM | 128 GB ROM | Expandable Upto 1 TB17.07 cm (6.72 inch) Full HD+ Display108MP + 2MP | 16MP Front Camera5000 mAh BatteryQualcomm Snapdragon 695 5G Processor1 Year Manufacturer Warranty for Phone and 6 Months Warranty for In-Box Accessories,4.3
14,"REDMI Note 12 5G (Matte Black, 128 GB)","₹18,999",6 GB RAM | 128 GB ROM | Expandable Upto 1 TB16.94 cm (6.67 inch) Full HD+ AMOLED Display48MP + 8MP + 2MP | 13MP Front Camera5000 mAh BatteryQualcomm Snapdragon 4 Gen 1 Processor1 Year Manufacturer Warranty for Phone and 6 Months Warranty for In the Box Accessories,4.1
15,"POCO X5 5G (Supernova Green, 256 GB)","₹16,999",8 GB RAM | 256 GB ROM | Expandable Upto 1 TB16.94 cm (6.67 inch) Full HD+ Display48MP + 8MP + 2MP | 13MP Front Camera5000 mAh BatteryQualcomm Snapdragon 695 Processor1 Year Manufacturer Warranty for Phone and 6 Months Warranty for In the Box Accessories,4.1
16,"SAMSUNG Galaxy F14 5G (B.A.E. Purple, 128 GB)","₹13,990","6 GB RAM | 128 GB ROM | Expandable Upto 1 TB16.76 cm (6.6 inch) Full HD+ Display50MP + 2MP | 13MP Front Camera6000 mAh BatteryExynos 1330, Octa Core Processor1 Year Manufacturer Warranty for Device and 6 Months Manufacturer Warranty for In-Box Accessories",4.2
17,"REDMI Note 12 5G (Matte Black, 128 GB)","₹16,999",4 GB RAM | 128 GB ROM | Expandable Upto 1 TB16.94 cm (6.67 inch) Full HD+ AMOLED Display48MP + 8MP + 2MP | 13MP Front Camera5000 mAh BatteryQualcomm Snapdragon 4 Gen 1 Processor1 Year Manufacturer Warranty for Phone and 6 Months Warranty for In the Box Accessories,4
18,"POCO X5 5G (Wildcat Blue, 256 GB)","₹16,999",8 GB RAM | 256 GB ROM | Expandable Upto 1 TB16.94 cm (6.67 inch) Full HD+ Display48MP + 8MP + 2MP | 13MP Front Camera5000 mAh BatteryQualcomm Snapdragon 695 Processor1 Year Manufacturer Warranty for Phone and 6 Months Warranty for In the Box Accessories,4.1
19,"REDMI Note 12 5G (Frosted Green, 128 GB)","₹18,999",6 GB RAM | 128 GB ROM | Expandable Upto 1 TB16.94 cm (6.67 inch) Full HD+ AMOLED Display48MP + 8MP + 2MP | 13MP Front Camera5000 mAh BatteryQualcomm Snapdragon 4 Gen 1 Processor1 Year Manufacturer Warranty for Phone and 6 Months Warranty for In the Box Accessories,4.1
20,"REDMI Note 12 5G (Mystique Blue, 128 GB)","₹18,999",6 GB RAM | 128 GB ROM | Expandable Upto 1 TB16.94 cm (6.67 inch) Full HD+ AMOLED Display48MP + 8MP + 2MP | 13MP Front Camera5000 mAh BatteryQualcomm Snapdragon 4 Gen 1 Processor1 Year Manufacturer Warranty for Phone and 6 Months Warranty for In the Box Accessories,4.1
21,"REDMI Note 12 5G (Mystique Blue, 128 GB)","₹16,999",4 GB RAM | 128 GB ROM | Expandable Upto 1 TB16.94 cm (6.67 inch) Full HD+ AMOLED Display48MP + 8MP + 2MP | 13MP Front Camera5000 mAh BatteryQualcomm Snapdragon 4 Gen 1 Processor1 Year Manufacturer Warranty for Phone and 6 Months Warranty for In the Box Accessories,4
22,"REDMI Note 12 5G (Frosted Green, 128 GB)","₹16,999",4 GB RAM | 128 GB ROM | Expandable Upto 1 TB16.94 cm (6.67 inch) Full HD+ AMOLED Display48MP + 8MP + 2MP | 13MP Front Camera5000 mAh BatteryQualcomm Snapdragon 4 Gen 1 Processor1 Year Manufacturer Warranty for Phone and 6 Months Warranty for In the Box Accessories,4
23,"REDMI Note 12 (Sunrise Gold, 128 GB)","₹15,999",6 GB RAM | 128 GB ROM | Expandable Upto 1 TB16.94 cm (6.67 inch) Full HD+ Super AMOLED Display50MP + 8MP + 2MP | 13MP Front Camera5000 mAh BatterySnapdragon 685 Processor1 Year Manufacturer Warranty for Phone and 6 Months Warranty for In the Box Accessories,4.1
24,"realme 9i 5G (Soulful Blue, 128 GB)","₹16,999",6 GB RAM | 128 GB ROM | Expandable Upto 1 TB16.76 cm (6.6 inch) Full HD+ Display50MP + 2MP + 2MP | 8MP Front Camera5000 mAh Lithium Ion BatteryMediatek Dimensity 810 5G Processor1 Year Manufacturer Warranty for Phone and 6 Months Warranty for In-Box Accessories,4.3
25,"SAMSUNG GALAXY M13 (Midnight Blue, 128 GB)","₹12,990",6 GB RAM | 128 GB ROM16.76 cm (6.6 inch) Display50MP Rear Camera6000 mAh Battery12 Months Warranty,4.2
26,"realme 9i 5G (Rocking Black, 128 GB)","₹16,999",6 GB RAM | 128 GB ROM | Expandable Upto 1 TB16.76 cm (6.6 inch) Full HD+ Display50MP + 2MP + 2MP | 8MP Front Camera5000 mAh Lithium Ion BatteryMediatek Dimensity 810 5G Processor1 Year Manufacturer Warranty for Phone and 6 Months Warranty for In-Box Accessories,4.3
27,"realme 9i 5G (Metallica Gold, 128 GB)","₹16,999",6 GB RAM | 128 GB ROM | Expandable Upto 1 TB16.76 cm (6.6 inch) Full HD+ Display50MP + 2MP + 2MP | 8MP Front Camera5000 mAh Lithium Ion BatteryMediatek Dimensity 810 5G Processor1 Year Manufacturer Warranty for Phone and 6 Months Warranty for In-Box Accessories,4.3
28,"POCO X4 Pro 5G (Laser Black, 128 GB)","₹17,999","8 GB RAM | 128 GB ROM | Expandable Upto 1 TB16.94 cm (6.67 inch) Full HD+ Super AMOLED Display64MP + 8MP + 2MP | 16MP Front Camera5000 mAh Lithium-ion Polymer BatteryQualcomm Snapdragon 695 5G ProcessorOne Year for Handset, 6 Months for Accessories",4.2
29,"SAMSUNG GALAXY M13 5G (Midnight Blue, 64 GB)","₹12,249",4 GB RAM | 64 GB ROM16.51 cm (6.5 inch) Display50MP Rear Camera5000 mAh Battery12 Months Warranty,4.1
30,"SAMSUNG Galaxy M33 5G (Mystique Green, 128 GB)","₹17,531",8 GB RAM | 128 GB ROM16.76 cm (6.6 inch) Display50MP Rear Camera6000 mAh Battery1 Year Warranty,4.2
31,"SAMSUNG Galaxy M33 5G (Emerald Brown, 128 GB)","₹17,487",8 GB RAM | 128 GB ROM16.76 cm (6.6 inch) Display50MP Rear Camera6000 mAh Battery12 Months Warranty,4.2
32,"REDMI 11 Prime 5G (Meadow Green, 128 GB)","₹15,388",6 GB RAM | 128 GB ROM16.71 cm (6.58 inch) Display5MP Rear Camera5000 mAh Battery1 Year Warranty,4.2
33,"REDMI 11 Prime 5G (Chrome Silver, 128 GB)","₹15,145",6 GB RAM | 128 GB ROM16.71 cm (6.58 inch) Display5MP Rear Camera5000 mAh Battery1 Year Warranty,4.2
34,"Infinix Hot 20 5G (Space Blue, 128 GB)","₹13,499",6 GB RAM | 128 GB ROM | Expandable Upto 1 TB16.76 cm (6.6 inch) Full HD+ Display50MP + AI Lens | 8MP Front Camera5000 mAh Li-ion Polymer BatteryDimensity 810 Processor1 Year on Handset and 6 Months on Accessories,4.1
35,"SAMSUNG Galaxy A14 5G (Black, 128 GB)","₹17,999",6 GB RAM | 128 GB ROM | Expandable Upto 1 TB16.76 cm (6.6 inch) HD+ Display50MP + 2MP | 13MP Front Camera5000 mAh Lithium Ion BatterySEC S5E8535 (Exynos 1330) Processor1 Year Manufacturer Warranty for Device and 6 Months Manufacturer Warranty for In-Box Accessories,4
36,"REDMI Note 12 (Ice Blue, 128 GB)","₹15,999",6 GB RAM | 128 GB ROM | Expandable Upto 1 TB16.94 cm (6.67 inch) Full HD+ Super AMOLED Display50MP + 8MP + 2MP | 13MP Front Camera5000 mAh BatterySnapdragon 685 Processor1 Year Manufacturer Warranty for Phone and 6 Months Warranty for In the Box Accessories,4.1
37,"SAMSUNG Galaxy F23 5G (Aqua Blue, 128 GB)","₹16,999",6 GB RAM | 128 GB ROM | Expandable Upto 1 TB16.76 cm (6.6 inch) Full HD+ Display50MP + 8MP + 2MP | 8MP Front Camera5000 mAh Lithium Ion BatteryQualcomm Snapdragon 750G Processor1 Year Warranty Provided by the Manufacturer from Date of Purchase,4.3
38,"REDMI 11 Prime 5G (Thunder Black, 64 GB)","₹13,301",4 GB RAM | 64 GB ROM16.71 cm (6.58 inch) Display5MP Rear Camera5000 mAh Battery1 Year Warranty,4.2
39,"REDMI Note 11S (Space Black, 64 GB)","₹14,990",6 GB RAM | 64 GB ROM16.33 cm (6.43 inch) Display108MP Rear Camera5000 mAh Battery1 Year Manufacturer Warranty for Handset and 6 Months Warranty for In the Box Accessories,4.1
40,"REDMI Note 11 (Horizon Blue, 128 GB)","₹14,477",6 GB RAM | 128 GB ROM16.33 cm (6.43 inch) Display50MP Rear Camera5000 mAh Battery12 Months Warranty,4.2
41,"SAMSUNG Galaxy M33 5G (Deep Ocean Blue, 128 GB)","₹16,465",6 GB RAM | 128 GB ROM16.76 cm (6.6 inch) Display50MP Rear Camera6000 mAh Battery1 Year Warranty,4.2
42,"REDMI 11 Prime 5G (Thunder Black, 128 GB)","₹15,104",6 GB RAM | 128 GB ROM16.71 cm (6.58 inch) Display5MP Rear Camera5000 mAh Battery1 Year Warranty,4.2
43,"POCO X4 Pro 5G (Laser Blue, 128 GB)","₹17,999","8 GB RAM | 128 GB ROM | Expandable Upto 1 TB16.94 cm (6.67 inch) Full HD+ Super AMOLED Display64MP + 8MP + 2MP | 16MP Front Camera5000 mAh Lithium-ion Polymer BatteryQualcomm Snapdragon 695 5G ProcessorOne Year for Handset, 6 Months for Accessories",4.2
44,"SAMSUNG Galaxy F23 5G (Copper Blush, 128 GB)","₹16,999",6 GB RAM | 128 GB ROM | Expandable Upto 1 TB16.76 cm (6.6 inch) Full HD+ Display50MP + 8MP + 2MP | 8MP Front Camera5000 mAh Lithium Ion BatteryQualcomm Snapdragon 750G Processor1 Year Warranty Provided by the Manufacturer from Date of Purchase,4.3
45,"REDMI 12C (?Lavender Purple, 128 GB)","₹10,486",6 GB RAM | 128 GB ROM17.04 cm (6.71 inch) Display50MP Rear Camera5000 mAh BatteryDomestic warranty of 12 months on phone & 6 months on accessories,4.2
46,"SAMSUNG Galaxy A14 5G (Light Green, 128 GB)","₹17,999",6 GB RAM | 128 GB ROM | Expandable Upto 1 TB16.76 cm (6.6 inch) HD+ Display50MP + 2MP | 13MP Front Camera5000 mAh Lithium Ion BatterySEC S5E8535 (Exynos 1330) Processor1 Year Manufacturer Warranty for Device and 6 Months Manufacturer Warranty for In-Box Accessories,4
47,"Infinix Zero 5G 2023 TURBO (Submariner Black, 256 GB)","₹16,999",8 GB RAM | 256 GB ROM | Expandable Upto 256 GB17.22 cm (6.78 inch) Full HD+ Display50MP + 2MP + 2MP | 16MP Front Camera5000 mAh Lithium-ion Polymer BatteryMediatek Dimensity 1080 Processor1 Year on Handset and 6 Months on Accessories,4
48,"vivo T1 44W (Midnight Galaxy, 128 GB)","₹17,999",8 GB RAM | 128 GB ROM | Expandable Upto 1 TB16.36 cm (6.44 inch) Full HD+ AMOLED Display50MP + 2MP + 2MP | 16MP Front Camera5000 mAh Lithium BatteryQualcomm Snapdragon 680 Processor1 Year Handset and 6 Months Accessories,4.3
49,"vivo T1 44W (Starry Sky, 128 GB)","₹17,999",8 GB RAM | 128 GB ROM | Expandable Upto 1 TB16.36 cm (6.44 inch) Full HD+ AMOLED Display50MP + 2MP + 2MP | 16MP Front Camera5000 mAh Lithium BatteryQualcomm Snapdragon 680 Processor1 Year Handset and 6 Months Accessories,4.3
50,"vivo T1 44W (Starry Sky, 128 GB)","₹15,999",6 GB RAM | 128 GB ROM | Expandable Upto 1 TB16.36 cm (6.44 inch) Full HD+ AMOLED Display50MP + 2MP + 2MP | 16MP Front Camera5000 mAh Lithium BatteryQualcomm Snapdragon 680 Processor1 Year Handset and 6 Months Accessories,4.4
51,"Infinix Zero 20 (Green Fantasy, 128 GB)","₹15,999",8 GB RAM | 128 GB ROM | Expandable Upto 2 TB17.02 cm (6.7 inch) Full HD+ Display108MP + 13MP + 2MP | 60 MP with OIS4500 mAh Lithium-ion Polymer BatteryMediatek G99 Processor1 Year on Handset and 6 Months on Accessories,4.2
52,"REDMI 12C (Mint Green, 128 GB)","₹10,718",6 GB RAM | 128 GB ROM17.04 cm (6.71 inch) Display50MP Rear Camera5000 mAh BatteryDomestic warranty of 12 months on phone & 6 months on accessories,4.2
53,"MOTOROLA g72 (Polar Blue, 128 GB)","₹16,999",6 GB RAM | 128 GB ROM | Expandable Upto 1 TB16.64 cm (6.55 inch) Full HD+ Display108MP + 8MP + 2MP | 16MP Front Camera5000 mAh Lithium BatteryMediatek Helio G99 Processor1 Year on Handset and 6 Months on Accessories,4.1
54,"POCO X4 Pro 5G (Yellow, 128 GB)","₹17,999","8 GB RAM | 128 GB ROM | Expandable Upto 1 TB16.94 cm (6.67 inch) Full HD+ Super AMOLED Display64MP + 8MP + 2MP | 16MP Front Camera5000 mAh Lithium-ion Polymer BatteryQualcomm Snapdragon 695 5G ProcessorOne Year for Handset, 6 Months for Accessories",4.2
55,"REDMI Note 11 (Horizon Blue, 128 GB)","₹14,478",6 GB RAM | 128 GB ROM16.33 cm (6.43 inch) Display50MP Rear Camera5000 mAh Battery12 Months Warranty,4.2
56,"OPPO A77s (Sunset Orange, 128 GB)","₹16,499",8 GB RAM | 128 GB ROM | Expandable Upto 1 TB16.66 cm (6.56 inch) HD+ Display50MP + 2MP | 8MP Front Camera5000 mAh Lithium-ion Polymer BatteryQualcomm Snapdragon 680 Processor1 Year on Handset and 6 Months on Accessories,4.3
57,"SAMSUNG Galaxy M33 5G (Emerald Brown, 128 GB)","₹17,487",8 GB RAM | 128 GB ROM16.76 cm (6.6 inch) Display50MP Rear Camera6000 mAh Battery12 Months Warranty,4.2
58,"REDMI 11 Prime 5G (Chrome Silver, 128 GB)","₹15,145",6 GB RAM | 128 GB ROM16.71 cm (6.58 inch) Display5MP Rear Camera5000 mAh Battery1 Year Warranty,4.2
59,"REDMI 11 Prime 5G (Chrome Silver, 64 GB)","₹13,407",4 GB RAM | 64 GB ROM16.71 cm (6.58 inch) Display5MP Rear Camera5000 mAh Battery1 Year Warranty,4.2
60,"REDMI 11 Prime 5G (Meadow Green, 64 GB)","₹13,479",4 GB RAM | 64 GB ROM16.71 cm (6.58 inch) Display5MP Rear Camera5000 mAh Battery1 Year Warranty,4.2
61,"Infinix Zero 20 (Glitter Gold, 128 GB)","₹15,999",8 GB RAM | 128 GB ROM | Expandable Upto 2 TB17.02 cm (6.7 inch) Full HD+ Display108MP + 13MP + 2MP | 60 MP with OIS4500 mAh Lithium-ion Polymer BatteryMediatek G99 Processor1 Year on Handset and 6 Months on Accessories,4.2
62,"REDMI 11 Prime 5G (Meadow Green, 128 GB)","₹15,388",6 GB RAM | 128 GB ROM16.71 cm (6.58 inch) Display5MP Rear Camera5000 mAh Battery1 Year Warranty,4.2
63,"Infinix Zero 20 (DEEP GRAY, 128 GB)","₹15,999",8 GB RAM | 128 GB ROM | Expandable Upto 2 TB17.02 cm (6.7 inch) Full HD+ Display108MP + 13MP + 2MP | 60 MP with OIS4500 mAh Lithium-ion Polymer BatteryMediatek G99 Processor1 Year on Handset and 6 Months on Accessories,4.2
64,"SAMSUNG Galaxy F23 5G (Forest Green, 128 GB)","₹16,999",6 GB RAM | 128 GB ROM | Expandable Upto 1 TB16.76 cm (6.6 inch) Full HD+ Display50MP + 8MP + 2MP | 8MP Front Camera5000 mAh Lithium Ion BatteryQualcomm Snapdragon 750G Processor1 Year Warranty Provided by the Manufacturer from Date of Purchase,4.3
65,"REDMI 10 Power (Sporty Orange, 128 GB)","₹13,999",8 GB RAM | 128 GB ROM17.02 cm (6.7 inch) Display50MP Rear Camera6000 mAh Battery12 Months Warranty,4.2
66,"vivo T1 44W (Midnight Galaxy, 128 GB)","₹15,999",6 GB RAM | 128 GB ROM | Expandable Upto 1 TB16.36 cm (6.44 inch) Full HD+ AMOLED Display50MP + 2MP + 2MP | 16MP Front Camera5000 mAh Lithium BatteryQualcomm Snapdragon 680 Processor1 Year Handset and 6 Months Accessories,4.4
67,"vivo T1 44W (Ice Dawn, 128 GB)","₹15,999",6 GB RAM | 128 GB ROM | Expandable Upto 1 TB16.36 cm (6.44 inch) Full HD+ AMOLED Display50MP + 2MP + 2MP | 16MP Front Camera5000 mAh Lithium BatteryQualcomm Snapdragon 680 Processor1 Year Handset and 6 Months Accessories,4.4
68,"REDMI Note 11 (Horizon Blue, 64 GB)","₹12,670",4 GB RAM | 64 GB ROM16.33 cm (6.43 inch) Display50MP Rear Camera5000 mAh Battery1 Year Warranty,4.2
69,"POCO X2 (Atlantis Blue, 64 GB)","₹17,999",6 GB RAM | 64 GB ROM | Expandable Upto 512 GB16.94 cm (6.67 inch) Full HD+ Display64MP + 8MP + 2MP + 2MP | 20MP + 2MP Dual Front Camera4500 mAh Lithium-ion Polymer BatteryQualcomm Snapdragon 730G ProcessorBrand Warranty of 1 Year Available for Mobile and 6 Months for Accessories,4.5
70,"OPPO A77s (Starry Black, 128 GB)","₹16,499",8 GB RAM | 128 GB ROM | Expandable Upto 1 TB16.66 cm (6.56 inch) HD+ Display50MP + 2MP | 8MP Front Camera5000 mAh Lithium-ion Polymer BatteryQualcomm Snapdragon 680 Processor1 Year on Handset and 6 Months on Accessories,4.3
71,"OPPO F21 Pro (Sunset Orange, 128 GB)","₹20,999",8 GB RAM | 128 GB ROM16.33 cm (6.43 inch) Display64MP Rear Camera4500 mAh Battery12 months,4.3
72,"POCO X2 (Atlantis Blue, 64 GB)","₹17,999",6 GB RAM | 64 GB ROM | Expandable Upto 512 GB16.94 cm (6.67 inch) Full HD+ Display64MP + 8MP + 2MP + 2MP | 20MP + 2MP Dual Front Camera4500 mAh Lithium-ion Polymer BatteryQualcomm Snapdragon 730G ProcessorBrand Warranty of 1 Year Available for Mobile and 6 Months for Accessories,4.5
73,"OPPO A77s (Starry Black, 128 GB)","₹16,499",8 GB RAM | 128 GB ROM | Expandable Upto 1 TB16.66 cm (6.56 inch) HD+ Display50MP + 2MP | 8MP Front Camera5000 mAh Lithium-ion Polymer BatteryQualcomm Snapdragon 680 Processor1 Year on Handset and 6 Months on Accessories,4.3
74,"OPPO F21 Pro (Sunset Orange, 128 GB)","₹20,999",8 GB RAM | 128 GB ROM16.33 cm (6.43 inch) Display64MP Rear Camera4500 mAh Battery12 months,4.3
75,"REDMI 10 Power (Sporty Orange, 128 GB)","₹13,999",8 GB RAM | 128 GB ROM17.02 cm (6.7 inch) Display50MP Rear Camera6000 mAh Battery12 Months Warranty,4.2
76,"REDMI 10 Power (Power Black, 128 GB)","₹13,990",8 GB RAM | 128 GB ROM17.02 cm (6.7 inch) Display50MP Rear Camera6000 mAh Battery12 Months Warranty,4.2
77,"SAMSUNG Galaxy A14 5G (Light Green, 64 GB)","₹15,999",4 GB RAM | 64 GB ROM | Expandable Upto 1 TB16.76 cm (6.6 inch) HD+ Display50MP + 2MP | 13MP Front Camera5000 mAh Lithium Ion BatterySEC S5E8535 (Exynos 1330) Processor1 Year Manufacturer Warranty for Device and 6 Months Manufacturer Warranty for In-Box Accessories,4.1
78,"SAMSUNG Galaxy M13 (Aqua Green, 128 GB)","₹13,790",6 GB RAM | 128 GB ROM16.76 cm (6.6 inch) Display50MP Rear Camera6000 mAh Battery12 Months Warranty,4.2
79,"OPPO A78 5G (Glowing Blue, 128 GB)","₹18,189",8 GB RAM | 128 GB ROM16.66 cm (6.56 inch) Display13MP Rear Camera5000 mAh Battery12 Months,4.3
80,"REDMI Note 11S (Polar White, 64 GB)","₹14,099",6 GB RAM | 64 GB ROM16.33 cm (6.43 inch) Display108MP Rear Camera5000 mAh Battery1 Year Warranty,4.1
81,"MOTOROLA g72 (Meteorite Grey, 128 GB)","₹16,999",6 GB RAM | 128 GB ROM | Expandable Upto 1 TB16.64 cm (6.55 inch) Full HD+ Display108MP + 8MP + 2MP | 16MP Front Camera5000 mAh Lithium BatteryMediatek Helio G99 Processor1 Year on Handset and 6 Months on Accessories,4.1
82,"SAMSUNG GALAXY M13 5G (Midnight Blue, 128 GB)","₹14,286",6 GB RAM | 128 GB ROM16.51 cm (6.5 inch) Display50MP Rear Camera5000 mAh Battery12 Months Warranty,4.2
83,"SAMSUNG Galaxy A14 5G (Black, 128 GB)","₹19,999",8 GB RAM | 128 GB ROM | Expandable Upto 1 TB16.76 cm (6.6 inch) HD+ Display50MP + 2MP | 13MP Front Camera5000 mAh Lithium Ion BatterySEC S5E8535 (Exynos 1330) Processor1 Year Manufacturer Warranty for Device and 6 Months Manufacturer Warranty for In-Box Accessories,4.1
84,"vivo Y56 5G (Black Engine, 128 GB)","₹19,999",8 GB RAM | 128 GB ROM16.71 cm (6.58 inch) Full HD+ Display50MP + 2MP | 16MP Front Camera5000 mAh BatteryMediatek Dimensity 700 Processor1 Year Manufacturer Warranty for Handset and 6 Months Manufacturer Warranty for In-Box Accessories,4.2
85,"vivo Y56 5G (Black Engine, 128 GB)","₹17,999",4 GB RAM | 128 GB ROM16.71 cm (6.58 inch) Full HD+ Display50MP + 2MP | 16MP Front Camera5000 mAh BatteryMediatek Dimensity 700 Processor1 Year Manufacturer Warranty for Handset and 6 Months Manufacturer Warranty for In-Box Accessories,4.2
86,"vivo Y16 (Stellar Black, 128 GB)","₹12,930",4 GB RAM | 128 GB ROM16.54 cm (6.51 inch) HD+ Display13MP + 2MP | 5MP Front Camera5000 mAh BatteryMediatek Helio P35 Processor1 Year of Device & 6 Months for In-Box Accessories,4.3
87,"vivo Y16 (Drizzling Gold, 128 GB)","₹12,797",4 GB RAM | 128 GB ROM | Expandable Upto 1 TB16.54 cm (6.51 inch) HD+ Display13MP + 2MP | 5MP Front Camera5000 mAh BatteryMediatek Helio P35 Processor1 Year of Device & 6 Months for In-Box Accessories,4.3
88,"vivo Y35 (Agate Black, 128 GB)","₹16,999",8 GB RAM | 128 GB ROM16.71 cm (6.58 inch) Full HD+ Display50MP + 2MP + 2MP | 16MP Front Camera5000 mAh Lithium BatteryQualcomm Snapdragon 680 Processor1 Year of Device & 6 Months for In-Box Accessories,4.4
89,"realme 9 5G SE (Starry Glow, 128 GB)","₹17,999",8 GB RAM | 128 GB ROM | Expandable Upto 1 TB16.76 cm (6.6 inch) Full HD+ Display48MP + 2MP + 2MP | 16MP Front Camera5000 mAh Lithium Polymer BatteryQualcomm Snapdragon 778G Processor1 Year Warranty for Phone and 6 Months Warranty for In-Box Accessories,4.3
90,"SAMSUNG Galaxy A14 5G (Dark Red, 64 GB)","₹15,999",4 GB RAM | 64 GB ROM | Expandable Upto 1 TB16.76 cm (6.6 inch) HD+ Display50MP + 2MP | 13MP Front Camera5000 mAh Lithium Ion BatterySEC S5E8535 (Exynos 1330) Processor1 Year Manufacturer Warranty for Device and 6 Months Manufacturer Warranty for In-Box Accessories,4.1
91,"vivo Y35 (Dawn Gold, 128 GB)","₹16,999",8 GB RAM | 128 GB ROM16.71 cm (6.58 inch) Full HD+ Display50MP + 2MP + 2MP | 16MP Front Camera5000 mAh Lithium BatteryQualcomm Snapdragon 680 Processor1 Year of Device & 6 Months for In-Box Accessories,4.4
92,"vivo Y22 (Starlit Blue, 128 GB)","₹14,499",4 GB RAM | 128 GB ROM | Expandable Upto 1 TB16.64 cm (6.55 inch) HD+ Display50MP + 2MP | 8MP Front Camera5000 mAh Lithium BatteryMediatek Helio G70 Processor1 Year of Device & 6 Months for In-Box Accessories,4.3
93,"vivo Y22 (Metaverse Green, 64 GB)","₹14,499",4 GB RAM | 64 GB ROM | Expandable Upto 1 TB16.64 cm (6.55 inch) HD+ Display50MP + 2MP | 8MP Front Camera5000 mAh Lithium BatteryMediatek Helio G70 Processor1 Year of Device & 6 Months for In-Box Accessories,4.3
94,"vivo Y16 (Steller Black, 128 GB)","₹16,999",4 GB RAM | 128 GB ROM | Expandable Upto 1 TB16.54 cm (6.51 inch) HD+ Display13MP + 2MP | 5MP Front Camera5000 mAh Lithium BatteryMediatek Helio P35 Processor1 Year of Device & 6 Months for In-Box Accessories,4.3
95,"realme X7 Pro 5G (Fantasy, 128 GB)","₹18,999",8 GB RAM | 128 GB ROM16.64 cm (6.55 inch) Full HD+ Display64MP + 8MP + 2MP + 2MP | 32MP Front Camera4500 mAh BatteryMediaTek Dimensity 1000 Plus Processor120 Hz sAmoled Display|65W SuperDart ChargingDual Stereo Speakers with Dolby AtmosBrand Warranty of 1 Year Available for Mobile and 6 Months for Accessories,4.3
96,"realme 9 5G SE (Azure Glow, 128 GB)","₹17,999",8 GB RAM | 128 GB ROM | Expandable Upto 1 TB16.76 cm (6.6 inch) Full HD+ Display48MP + 2MP + 2MP | 16MP Front Camera5000 mAh Lithium Polymer BatteryQualcomm Snapdragon 778G Processor1 Year Warranty for Phone and 6 Months Warranty for In-Box Accessories,4.3
97,"IQOO Z6 Lite 5G (With Charger) (Stellar Green, 128 GB)","₹15,240",6 GB RAM | 128 GB ROM16.97 cm (6.68 inch) Display50MP Rear Camera5000 mAh Battery1 Year,4.3
98,"REDMI Note 10S (Frost White, 128 GB)","₹16,499",6 GB RAM | 128 GB ROM | Expandable Upto 512 GB16.33 cm (6.43 inch) Full HD+ Super AMOLED Display64MP + 8MP + 2MP + 2MP | 13MP Front Camera5000 mAh Lithium-Ploymer BatteryMediatek Helio G95 Processor1 Year Manufacturer Warranty for Phone and 6 Months Warranty for In the Box Accessories,4.4
99,"vivo Y56 5G (Orange Shimmer, 128 GB)","₹19,999",8 GB RAM | 128 GB ROM16.71 cm (6.58 inch) Full HD+ Display50MP + 2MP | 16MP Front Camera5000 mAh BatteryMediatek Dimensity 700 Processor1 Year Manufacturer Warranty for Handset and 6 Months Manufacturer Warranty for In-Box Accessories,4.2
100,"vivo Y75 (Dancing waves, 128 GB)","₹19,990",8 GB RAM | 128 GB ROM | Expandable Upto 1 TB16.36 cm (6.44 inch) Full HD+ AMOLED Display50MP + 8MP + 2MP | 44MP Front Camera4050 mAh Lithium BatteryMediatek G96 Processor1 Year on Handset and 6 Months on Accessories,4.3
101,"SAMSUNG Galaxy A14 5G (Dark Red, 128 GB)","₹19,999",8 GB RAM | 128 GB ROM | Expandable Upto 1 TB16.76 cm (6.6 inch) HD+ Display50MP + 2MP | 13MP Front Camera5000 mAh Lithium Ion BatterySEC S5E8535 (Exynos 1330) Processor1 Year Manufacturer Warranty for Device and 6 Months Manufacturer Warranty for In-Box Accessories,4.1
102,"vivo T1X (Space Blue, 128 GB)","₹14,999",6 GB RAM | 128 GB ROM16.71 cm (6.58 inch) Full HD+ Display50MP + 2MP | 8MP Front Camera5000 mAh BatteryQualcomm Snapdragon 680 Processor1 Year on Handset and 6 Months on Accessories,4.4
103,"vivo T1X (Gravity Black, 128 GB)","₹14,999",6 GB RAM | 128 GB ROM16.71 cm (6.58 inch) Full HD+ Display50MP + 2MP | 8MP Front Camera5000 mAh BatteryQualcomm Snapdragon 680 Processor1 Year on Handset and 6 Months on Accessories,4.4
104,"SAMSUNG Galaxy M33 5G (Deep Ocean Blue, 128 GB)","₹17,671",8 GB RAM | 128 GB ROM16.76 cm (6.6 inch) Display50MP Rear Camera6000 mAh Battery1 Year Warranty,4.2
105,"IQOO Z6 Lite 5G (Without Charger) (Mystic Night, 128 GB)","₹16,495",6 GB RAM | 128 GB ROM16.97 cm (6.68 inch) Display50MP Rear Camera5000 mAh Battery1 Year,4.2
106,"vivo Y56 5G (Orange Shimmer, 128 GB)","₹17,999",4 GB RAM | 128 GB ROM16.71 cm (6.58 inch) Full HD+ Display50MP + 2MP | 16MP Front Camera5000 mAh BatteryMediatek Dimensity 700 Processor1 Year Manufacturer Warranty for Handset and 6 Months Manufacturer Warranty for In-Box Accessories,4.2
107,"Infinix Note 12 Pro (Volcanic Grey, 256 GB)","₹16,999",8 GB RAM | 256 GB ROM | Expandable Upto 2 TB17.02 cm (6.7 inch) Full HD+ AMOLED Display108MP + 2MP Depth Lens + AI lens | 16MP Front Camera5000 mAh Lithium Ion Polymer BatteryMediatek Helio G99 Processor1 Year on Handset and 6 Months on Accessories,4.2
108,"REDMI 10 Prime (Astral White, 128 GB)","₹14,999",6 GB RAM | 128 GB ROM | Expandable Upto 512 GB16.51 cm (6.5 inch) Full HD Display50MP + 8MP + 2MP + 2MP | 8MP Front Camera6000 mAh BatteryHelio G88 Processor1 Year Manufacturer Warranty for Handset and 6 Months Warranty for In the Box Accessories,4.2
109,"IQOO Z6 Lite 5G (Without Charger) (Stellar Green, 128 GB)","₹16,495",6 GB RAM | 128 GB ROM16.97 cm (6.68 inch) Display50MP Rear Camera5000 mAh Battery1 Year,4.2
110,"vivo Y16 (Drizzling Gold, 128 GB)","₹16,999",4 GB RAM | 128 GB ROM | Expandable Upto 1 TB16.54 cm (6.51 inch) HD+ Display13MP + 2MP | 5MP Front Camera5000 mAh Lithium BatteryMediatek Helio P35 Processor1 Year of Device & 6 Months for In-Box Accessories,4.3
111,"vivo Y16 (Drizzling Gold, 64 GB)","₹11,999",4 GB RAM | 64 GB ROM | Expandable Upto 1 TB16.54 cm (6.51 inch) HD+ Display13MP + 2MP | 5MP Front Camera5000 mAh Lithium BatteryMediatek Helio P35 Processor1 Year of Device & 6 Months for In-Box Accessories,4.3
112,"vivo Y21T (Midnight Blue, 128 GB)","₹15,499",4 GB RAM | 128 GB ROM | Expandable Upto 1 TB16.71 cm (6.58 inch) Full HD+ Display50MP + 2MP + 2MP | 8MP Front Camera5000 mAh Lithium BatteryQualcomm Snapdragon 680 Processor1 Year for Device & 6 Months for In-box Accessories,4.4
113,"vivo Y565G (Orange Shimmer, 128 GB)","₹19,989",8 GB RAM | 128 GB ROM | Expandable Upto 1 TB16.71 cm (6.58 inch) Full HD+ Display50MP + 2MP | 16MP Front Camera5000 mAh BatteryMTK Dimensity 700 Processor1 Year Manufacturer Warranty for Handset and 6 Months Manufacturer Warranty for In-Box Accessories,4.3
114,"IQOO Z6 Lite 5G (With Charger) (Mystic Night, 128 GB)","₹15,240",6 GB RAM | 128 GB ROM16.97 cm (6.68 inch) Display50MP Rear Camera5000 mAh Battery1 Year,4.3
115,"IQOO Z6 Lite 5G (Without Charger) (Stellar Green, 128 GB)","₹16,900",6 GB RAM | 128 GB ROM16.97 cm (6.68 inch) Display50MP Rear Camera5000 mAh Battery1 Year,4.2
116,"SAMSUNG Galaxy A14 5G (Dark Red, 128 GB)","₹17,999",6 GB RAM | 128 GB ROM | Expandable Upto 1 TB16.76 cm (6.6 inch) HD+ Display50MP + 2MP | 13MP Front Camera5000 mAh Lithium Ion BatterySEC S5E8535 (Exynos 1330) Processor1 Year Manufacturer Warranty for Device and 6 Months Manufacturer Warranty for In-Box Accessories,4
117,"SAMSUNG GALAXY M13 (Stardust Brown, 128 GB)","₹12,815",6 GB RAM | 128 GB ROM16.76 cm (6.6 inch) Display50MP Rear Camera6000 mAh Battery12 Months Warranty,4.2
118,"SAMSUNG GALAXY M13 5G (Midnight Blue, 64 GB)","₹12,249",4 GB RAM | 64 GB ROM16.51 cm (6.5 inch) Display50MP Rear Camera5000 mAh Battery12 Months Warranty,4.1
119,"REDMI Note 11s (Space Black, 128 GB)","₹16,190",8 GB RAM | 128 GB ROM16.33 cm (6.43 inch) Display50MP Rear Camera5000 mAh Battery12 Months Warranty,4.2
120,"vivo Y22 (Metaverse Green, 128 GB)","₹15,499",6 GB RAM | 128 GB ROM | Expandable Upto 1 TB16.64 cm (6.55 inch) HD+ Display50MP + 2MP | 8MP Front Camera5000 mAh Lithium BatteryMediatek Helio G70 Processor1 Year of Device & 6 Months for In-Box Accessories,4.3
121,"vivo Y22 (Starlit Blue, 64 GB)","₹14,499",4 GB RAM | 64 GB ROM | Expandable Upto 1 TB16.64 cm (6.55 inch) HD+ Display50MP + 2MP | 8MP Front Camera5000 mAh Lithium BatteryMediatek Helio G70 Processor1 Year of Device & 6 Months for In-Box Accessories,4.3
122,"vivo Y22 (Metaverse Green, 128 GB)","₹14,499",4 GB RAM | 128 GB ROM | Expandable Upto 1 TB16.64 cm (6.55 inch) HD+ Display50MP + 2MP | 8MP Front Camera5000 mAh Lithium BatteryMediatek Helio G70 Processor1 Year of Device & 6 Months for In-Box Accessories,4.3
123,"Mi 11 Lite (Vinyl Black, 128 GB)","₹18,999",8 GB RAM | 128 GB ROM | Expandable Upto 512 GB16.64 cm (6.55 inch) Full HD+ Display64MP + 8MP + 5MP | 16MP Front Camera4250 mAh Li-Polymer BatteryQualcomm Snapdragon 732G Processor1 Year Manufacturer Warranty for Handset and 6 Months Warranty for In the Box Accessories,4.2
124,"Mi 11 Lite (Jazz Blue, 128 GB)","₹18,999",8 GB RAM | 128 GB ROM | Expandable Upto 512 GB16.64 cm (6.55 inch) Full HD+ Display64MP + 8MP + 5MP | 16MP Front Camera4250 mAh Li-Polymer BatteryQualcomm Snapdragon 732G Processor1 Year Manufacturer Warranty for Handset and 6 Months Warranty for In the Box Accessories,4.2
125,"REDMI Note 10 Lite (Glacier White, 128 GB)","₹14,290",6 GB RAM | 128 GB ROM16.94 cm (6.67 inch) Display48MP Rear Camera5020 mAh Battery1 Year Manufacturer Warranty,4.3
126,"realme Narzo 50 Pro 5G (Hyper Black, 128 GB)","₹20,895",8 GB RAM | 128 GB ROM16.26 cm (6.4 inch) Display48MP Rear Camera5000 mAh BatteryDimensity 920 5G Processor Processor12Months Brand Warranty,4.2
127,"SAMSUNG Galaxy A14 5G (Black, 64 GB)","₹15,999",4 GB RAM | 64 GB ROM | Expandable Upto 1 TB16.76 cm (6.6 inch) HD+ Display50MP + 2MP | 13MP Front Camera5000 mAh Lithium Ion BatterySEC S5E8535 (Exynos 1330) Processor1 Year Manufacturer Warranty for Device and 6 Months Manufacturer Warranty for In-Box Accessories,4.1
128,"REDMI Note 11S (Space Black, 128 GB)","₹16,350",6 GB RAM | 128 GB ROM16.33 cm (6.43 inch) Display108MP Rear Camera5000 mAh Battery1 Year Warranty,4.1
129,"REDMI Note 11S (Horizon Blue, 128 GB)","₹16,390",8 GB RAM | 128 GB ROM16.33 cm (6.43 inch) Display108MP Rear Camera5000 mAh Battery1 Year Warranty,4.2
130,"POCO X2 (Matrix Purple, 64 GB)","₹17,999",6 GB RAM | 64 GB ROM | Expandable Upto 512 GB16.94 cm (6.67 inch) Full HD+ Display64MP + 8MP + 2MP + 2MP | 20MP + 2MP Dual Front Camera4500 mAh Lithium-ion Polymer BatteryQualcomm Snapdragon 730G ProcessorBrand Warranty of 1 Year Available for Mobile and 6 Months for Accessories,4.5
131,"Infinix Note 12 Pro (Tuscany Blue, 256 GB)","₹16,999",8 GB RAM | 256 GB ROM | Expandable Upto 2 TB17.02 cm (6.7 inch) Full HD+ AMOLED Display108MP + 2MP Depth Lens + AI lens | 16MP Front Camera5000 mAh Lithium Ion Polymer BatteryMediatek Helio G99 Processor1 Year on Handset and 6 Months on Accessories,4.2
132,"REDMI 12c (Matte Black, 128 GB)","₹10,666",6 GB RAM | 128 GB ROM | Expandable Upto 1 TB17.04 cm (6.71 inch) HD+ Display50MP Rear Camera | 5MP Front Camera5000 mAh BatteryMediaTek Helio G85 Processor1 Year Domestic Warranty for Phone and 6 Months Domestic Warranty for In-Box Accessories,4.2
133,"realme 8 (Cyber Black, 128 GB)","₹15,499",8 GB RAM | 128 GB ROM | Expandable Upto 256 GB16.26 cm (6.4 inch) Full HD+ Display64MP + 8MP + 2MP + 2MP | 16MP Front Camera5000 mAh BatteryMediaTek Helio G95 ProcessorSuper AMOLED Display1 Year Warranty for Mobile and 6 Months for Accessories,4.4
134,"vivo Y21T (Pearl White, 128 GB)","₹15,499",4 GB RAM | 128 GB ROM | Expandable Upto 1 TB16.71 cm (6.58 inch) Full HD+ Display50MP + 2MP + 2MP | 8MP Front Camera5000 mAh Lithium BatteryQualcomm Snapdragon 680 Processor1 Year for Device & 6 Months for In-box Accessories,4.4
135,"REDMI 12c (Royal Blue, 128 GB)","₹10,588",6 GB RAM | 128 GB ROM | Expandable Upto 1 TB17.04 cm (6.71 inch) HD+ Display50MP Rear Camera | 5MP Front Camera5000 mAh BatteryMediaTek Helio G85 Processor1 Year Warranty for Phone and 6 Months Warranty for In-Box Accessories,4.2
136,"REDMI Note 11 (Horizon Blue, 64 GB)","₹14,200",6 GB RAM | 64 GB ROM16.33 cm (6.43 inch) Display50MP Rear Camera5000 mAh Battery1 Year Manufacturer Warranty for Handset and 6 Months Warranty for In the Box Accessories,4.2
137,"REDMI Note 11 (Space Black, 64 GB)","₹12,890",4 GB RAM | 64 GB ROM16.33 cm (6.43 inch) Display50MP Rear Camera5000 mAh Battery12 Months Warranty,4.2
138,"vivo T1X (Space Blue, 64 GB)","₹16,990",4 GB RAM | 64 GB ROM16.71 cm (6.58 inch) Full HD+ Display50MP + 2MP | 8MP Front Camera5000 mAh BatteryQualcomm Snapdragon 680 Processor1 Year on Handset and 6 Months on Accessories,4.5
139,"vivo T1X (Gravity Black, 64 GB)","₹16,990",4 GB RAM | 64 GB ROM16.71 cm (6.58 inch) Full HD+ Display50MP + 2MP | 8MP Front Camera5000 mAh BatteryQualcomm Snapdragon 680 Processor1 Year on Handset and 6 Months on Accessories,4.5
140,"vivo T1X (Space Blue, 128 GB)","₹16,580",4 GB RAM | 128 GB ROM16.71 cm (6.58 inch) Full HD+ Display50MP + 2MP | 8MP Front Camera5000 mAh BatteryQualcomm Snapdragon 680 Processor1 Year on Handset and 6 Months on Accessories,4.5
141,"SAMSUNG Galaxy A13 (Peach, 128 GB)","₹16,499",6 GB RAM | 128 GB ROM | Expandable Upto 1 TB16.76 cm (6.6 inch) Full HD+ Display50MP + 5MP + 2MP + 2MP | 8MP Front Camera5000 mAh Lithium Ion BatteryExynos Octa Core Processor1 Year Manufacturer Warranty for Device and 6 months Manufacturer Warranty for In-Box Accessories from Date of Purchase,4.1
142,"POCO M4 Pro 5G (Yellow, 128 GB)","₹18,999","8 GB RAM | 128 GB ROM | Expandable Upto 1 TB16.76 cm (6.6 inch) Full HD+ Display50MP + 8MP | 16MP Front Camera5000 mAh Lithium-ion Polymer BatteryMediatek Dimensity 810 ProcessorOne Year for Handset, 6 Months for Accessories",4.2
143,"vivo Y33s (Mirror Black, 128 GB)","₹17,689",8 GB RAM | 128 GB ROM | Expandable Upto 1 TB16.71 cm (6.58 inch) Full HD+ Display50MP + 2MP + 2MP | 16MP Front Camera5000 mAh Lithium BatteryMediaTek Helio G80 Processor1 Year for Handset and 6 Months for In-box Accessories,4.3
144,"REDMI Note 11S (Horizon Blue, 64 GB)","₹14,290",6 GB RAM | 64 GB ROM16.33 cm (6.43 inch) Display108MP Rear Camera5000 mAh Battery1 Year Manufacturer Warranty for Handset and 6 Months Warranty for In the Box Accessories,4.1
145,"OPPO A 78 5G (Glowing Black, 128 GB)","₹19,989",8 GB RAM | 128 GB ROM16.66 cm (6.56 inch) Display50MP Rear Camera5000 mAh Battery1 Year Warranty and 6 Months Warranty for In-Box,4
146,"vivo Y33s (Midday Dream, 128 GB)","₹18,999",8 GB RAM | 128 GB ROM | Expandable Upto 1 TB16.71 cm (6.58 inch) Full HD+ Display50MP + 2MP + 2MP | 16MP Front Camera5000 mAh Lithium BatteryMediaTek Helio G80 Processor1 Year for Handset and 6 Months for In-box Accessories,4.3
147,"REDMI K50i 5G (Quick Silver, 128 GB)","₹24,999",6 GB RAM | 128 GB ROM16.76 cm (6.6 inch) Full HD+ Display64MP + 8MP + 2MP | 16MP Front Camera5080 mAh BatteryDimensity 8100 Processor1 Year Manufacturer Warranty for Phone and 6 Months Warranty for In the Box Accessories,4.1
148,"Mi A2 (Gold, 64 GB)","₹17,499",4 GB RAM | 64 GB ROM15.21 cm (5.99 inch) Full HD+ Display20MP + 12MP | 20MP Front Camera3010 mAh BatteryQualcomm Snapdragon 660 AIE ProcessorBrand Warranty of 1 Year Available for Mobile and 6 Months for Battery and Accessories,4.2
149,"OPPO F21S PRO (Dawnlight Gold, 128 GB)","₹20,390",8 GB RAM | 128 GB ROM | Expandable Upto 1 TB16.33 cm (6.43 inch) Full HD+ Display64MP + 2MP + 2MP | 32MP + 2MP Dual Front Camera4500 mAh BatteryQualcomm SM6225 Snapdragon 680 4G (6 nm) Processor12MONTH,4.1
150,"vivo Y21A (Diamond Glow, 64 GB)","₹13,648",4 GB RAM | 64 GB ROM16.54 cm (6.51 inch) Display13MP Rear Camera5000 mAh Battery1 Year for Handset and 6 Months for Inbox Accessories,4.3
151,"REDMI Note 11 (Starburst White, 64 GB)","₹14,200",6 GB RAM | 64 GB ROM16.33 cm (6.43 inch) Display50MP Rear Camera5000 mAh Battery12 Months Warranty,4.2
152,"SAMSUNG Galaxy A23 (Black, 128 GB)","₹17,499",6 GB RAM | 128 GB ROM | Expandable Upto 1 TB16.76 cm (6.6 inch) Full HD+ Display50MP Rear Camera | 8MP Front Camera5000 mAh Li-Ion BatteryOcta-core(EXYNOS) Processor1 year manufacturer warranty for device and 6 months manufacturer warranty for in-box,4.2
153,"SAMSUNG Galaxy A23 (Peach, 128 GB)","₹17,499",6 GB RAM | 128 GB ROM | Expandable Upto 1 TB16.76 cm (6.6 inch) Full HD+ Display50MP Rear Camera | 8MP Front Camera5000 mAh Li-Ion BatteryOcta-core(EXYNOS) Processor1 year manufacturer warranty for device and 6 months manufacturer warranty for in-box,4.2
154,"vivo Y73 (Diamond Flare, 128 GB)","₹18,965",8 GB RAM | 128 GB ROM16.36 cm (6.44 inch) Full HD+ Display64MP + 2MP + 2MP | 16MP Front Camera4000 mAh BatteryMediaTek Helio G95 ProcessorAMOLED Display1 Year for Handset and 6 Months for In-box Accessories,4.4
155,"vivo Y73 (Roman Black, 128 GB)","₹17,990",8 GB RAM | 128 GB ROM16.36 cm (6.44 inch) Full HD+ Display64MP + 2MP + 2MP | 16MP Front Camera4000 mAh BatteryMediaTek Helio G95 ProcessorAMOLED Display1 Year for Handset and 6 Months for In-box Accessories,4.4
156,"POCO M4 Pro 5G (Cool Blue, 128 GB)","₹18,999","8 GB RAM | 128 GB ROM | Expandable Upto 1 TB16.76 cm (6.6 inch) Full HD+ Display50MP + 8MP | 16MP Front Camera5000 mAh Lithium-ion Polymer BatteryMediatek Dimensity 810 ProcessorOne Year for Handset, 6 Months for Accessories",4.2
157,"SAMSUNG Galaxy A23 (Blue, 128 GB)","₹19,990",8 GB RAM | 128 GB ROM | Expandable Upto 1 TB16.76 cm (6.6 inch) Full HD+ Display50MP Rear Camera | 8MP Front Camera5000 mAh Li-Ion BatteryOcta-core(EXYNOS) Processor1 year manufacturer warranty for device and 6 months manufacturer warranty for in-box,4.3
158,"REDMI Note 11S (Polar White, 128 GB)","₹19,990",6 GB RAM | 128 GB ROM16.33 cm (6.43 inch) Display108MP Rear Camera5000 mAh Battery1 Year Manufacturer Warranty for Handset and 6 Months Warranty for In the Box Accessories,4.1
159,"realme C35 (Glowing Green, 128 GB)","₹15,999",6 GB RAM | 128 GB ROM | Expandable Upto 1 TB16.76 cm (6.6 inch) Full HD+ Display50MP + 2MP + 0.3MP | 8MP Front Camera5000 mAh Lithium Polymer BatteryUnisoc Tiger T616 Processor1 Year Warranty for Phone and 6 Months Warranty for In-Box Accessories,4.2
160,"REDMI Note 11S (Polar White, 128 GB)","₹17,400",8 GB RAM | 128 GB ROM16.33 cm (6.43 inch) Display108MP Rear Camera5000 mAh Battery1 Year Warranty,4.2
161,"IQOO Z6 Lite 5G (Mystic Night, 128 GB)","₹16,940",6 GB RAM | 128 GB ROM16.97 cm (6.68 inch) Display50MP Rear Camera5000 mAh Battery1 Year,4.2
162,"realme Narzo 50 Pro 5G (Hyper Blue, 128 GB)","₹20,540",8 GB RAM | 128 GB ROM16.26 cm (6.4 inch) Display48MP Rear Camera5000 mAh BatteryDimensity 920 5G Processor Processor12Months Brand Warranty,4.2
163,"SAMSUNG Galaxy A13 (Green, 128 GB)","₹16,299",6 GB RAM | 128 GB ROM | Expandable Upto 1 TB16.76 cm (6.6 inch) Full HD+ Display50MP + 5MP + 2MP + 2MP | 8MP Front Camera5000 mAh Lithium Ion BatteryExynos Octa Core Processor1 Year Manufacturer Warranty for Device and 6 months Manufacturer Warranty for In-Box Accessories from Date of Purchase,4.1
164,"SAMSUNG Galaxy A13 (Black, 128 GB)","₹16,499",6 GB RAM | 128 GB ROM | Expandable Upto 1 TB16.76 cm (6.6 inch) Full HD+ Display50MP + 5MP + 2MP + 2MP | 8MP Front Camera5000 mAh Lithium Ion BatteryExynos Octa Core Processor1 Year Manufacturer Warranty for Device and 6 months Manufacturer Warranty for In-Box Accessories from Date of Purchase,4.1
165,"Mi 11 Lite (Tuscany Coral, 128 GB)","₹18,999",8 GB RAM | 128 GB ROM | Expandable Upto 512 GB16.64 cm (6.55 inch) Full HD+ Display64MP + 8MP + 5MP | 16MP Front Camera4250 mAh Li-Polymer BatteryQualcomm Snapdragon 732G Processor1 Year Manufacturer Warranty for Handset and 6 Months Warranty for In the Box Accessories,4.2
166,"OPPO A77 (Sky Blue, 64 GB)","₹15,499",4 GB RAM | 64 GB ROM | Expandable Upto 1 TB16.66 cm (6.56 inch) HD+ Display50MP + 2MP | 8MP Front Camera5000 mAh Lithium-ion Polymer BatteryMediatek Helio G35 Processor1 Year on Handset and 6 Months on Accessories,4.2
167,"vivo Y21G (Midnight Blue, 64 GB)","₹13,980",4 GB RAM | 64 GB ROM | Expandable Upto 1 TB16.54 cm (6.51 inch) HD+ Display13MP + 2MP | 8MP Front Camera5000 mAh Lithium BatteryMediatek MT6769 Helio G70 Processor1 Year for Device & 6 Months for In-Box Accessories,4.3
168,"vivo Y21G (Midnight Blue, 64 GB)","₹13,980",4 GB RAM | 64 GB ROM | Expandable Upto 1 TB16.54 cm (6.51 inch) HD+ Display13MP + 2MP | 8MP Front Camera5000 mAh Lithium BatteryMediatek MT6769 Helio G70 Processor1 Year for Device & 6 Months for In-Box Accessories,4.3
169,"REDMI NOTE 10 LITE (Aurora Blue, 128 GB)","₹14,990",6 GB RAM | 128 GB ROM16.94 cm (6.67 inch) Display48MP Rear Camera5020 mAh Battery1 Year Manufacturer Warranty,4.3
170,"REDMI Note 11T 5G (Stardust White, 128 GB)","₹19,488",8 GB RAM | 128 GB ROM16.76 cm (6.6 inch) Display50MP Rear Camera5000 mAh Battery1 Year Warranty,4.2
171,"SAMSUNG GALAXY M13 5G (Aqua Green, 128 GB)","₹14,198",6 GB RAM | 128 GB ROM16.51 cm (6.5 inch) Display50MP Rear Camera5000 mAh Battery12 Months Warranty,4.2
172,"IQOO Z6 44W (Raven Black, 128 GB)","₹16,390",6 GB RAM | 128 GB ROM16.36 cm (6.44 inch) Display50MP + 50MP + 2MP + 2MP | 16MP + 16MP Dual Front Camera5000 mAh Battery1 Year,4.3
173,"Redmi Note 6 Pro (Rose Gold, 64 GB)","₹17,999",6 GB RAM | 64 GB ROM | Expandable Upto 256 GB15.9 cm (6.26 inch) Full HD+ Display12MP + 5MP | 20MP + 2MP Dual Front Camera4000 mAh Li-polymer BatteryQualcomm Snapdragon 636 ProcessorBrand Warranty of 1 Year Available for Mobile and 6 Months for Accessories,4.5
174,"Redmi Note 6 Pro (Red, 64 GB)","₹17,999",6 GB RAM | 64 GB ROM | Expandable Upto 256 GB15.9 cm (6.26 inch) Full HD+ Display12MP + 5MP | 20MP + 2MP Dual Front Camera4000 mAh Li-polymer BatteryQualcomm Snapdragon 636 ProcessorBrand Warranty of 1 Year Available for Mobile and 6 Months for Accessories,4.5
175,"POCO X2 (Phoenix Red, 256 GB)","₹20,999",8 GB RAM | 256 GB ROM | Expandable Upto 512 GB16.94 cm (6.67 inch) Full HD+ Display64MP + 8MP + 2MP + 2MP | 20MP + 2MP Dual Front Camera4500 mAh Lithium-ion Polymer BatteryQualcomm Snapdragon 730G ProcessorBrand Warranty of 1 Year Available for Mobile and 6 Months for Accessories,4.5
176,"Redmi Note 6 Pro (Red, 64 GB)","₹15,999",4 GB RAM | 64 GB ROM | Expandable Upto 256 GB15.9 cm (6.26 inch) Full HD+ Display12MP + 5MP | 20MP + 2MP Dual Front Camera4000 mAh Li-polymer BatteryQualcomm Snapdragon 636 ProcessorBrand Warranty of 1 Year Available for Mobile and 6 Months for Accessories,4.5
177,"SAMSUNG Galaxy F23 5G (Copper Blush, 128 GB)","₹15,999",4 GB RAM | 128 GB ROM | Expandable Upto 1 TB16.76 cm (6.6 inch) Full HD+ Display50MP + 8MP + 2MP | 8MP Front Camera5000 mAh Lithium Ion BatteryQualcomm Snapdragon 750G Processor1 Year Warranty Provided by the Manufacturer from Date of Purchase,4.2
178,"Redmi Note 6 Pro (Black, 64 GB)","₹15,999",4 GB RAM | 64 GB ROM | Expandable Upto 256 GB15.9 cm (6.26 inch) Full HD+ Display12MP + 5MP | 20MP + 2MP Dual Front Camera4000 mAh Li-polymer BatteryQualcomm Snapdragon 636 ProcessorBrand Warranty of 1 Year Available for Mobile and 6 Months for Accessories,4.5
179,"POCO M4 Pro 5G (Cool Blue, 128 GB)","₹16,999","6 GB RAM | 128 GB ROM | Expandable Upto 1 TB16.76 cm (6.6 inch) Full HD+ Display50MP + 8MP | 16MP Front Camera5000 mAh Lithium-ion Polymer BatteryMediatek Dimensity 810 ProcessorOne Year for Handset, 6 Months for Accessories",4.2
180,"realme Narzo 50 (Speed Black, 64 GB)","₹12,790",4 GB RAM | 64 GB ROM | Expandable Upto 256 GB16.76 cm (6.6 inch) Full HD+ Display50MP + 2MP + 2MP | 16MP Front Camera5000 mAh Lithium Polymer BatteryMediatek Helio G96 Processor1 Year Warranty for Phone and 6 Months Warranty for In-Box Accessories,4.4
181,"SAMSUNG Galaxy A04s (Green, 64 GB)","₹12,499",4 GB RAM | 64 GB ROM16.51 cm (6.5 inch) HD+ Display50MP + 50MP + 2MP + 2MP | 5MP Front Camera5000 mAh Lithium-ion BatteryExynos Octa Core Processor Processor1 Year Manufacturer Warranty For Device And 6 Months Manufacturer Warranty For In-box Accessories,4.1
182,"REDMI Note 11 (Starburst White, 128 GB)","₹16,299",6 GB RAM | 128 GB ROM16.33 cm (6.43 inch) Display50MP Rear Camera5000 mAh Battery12 months,4.2
183,"REDMI Note 10T 5G (Metallic Blue, 64 GB)","₹14,990","4 GB RAM | 64 GB ROM16.66 cm (6.56 inch) Full HD+ Display48MP Primary Camera + 2MP Macro Lens + 2MP Depth Sensor | 8MP Front Camera5000 mAh Lithium Polymer BatteryMediatek Dimensity 700 ProcessorMax GPU Frequency: 950 MHz, Supports GAME Turbo 3.0, UFS2.2 Storage, Reading Mode 3.0, 360 Degree Ambient Light Sensors, Supports 18W Fast Charging1 Year Manufacturer Warranty for Phone and 6 Months Warranty for In the Box Accessories",4.3
184,"SAMSUNG Galaxy A04s (Copper, 64 GB)","₹12,499",4 GB RAM | 64 GB ROM16.51 cm (6.5 inch) HD+ Display50MP + 50MP + 2MP + 2MP | 5MP Front Camera5000 mAh Lithium-ion BatteryExynos Octa Core Processor Processor1 Year Manufacturer Warranty For Device And 6 Months Manufacturer Warranty For In-box Accessories,4.1
185,"OPPO A785G (Blue, 128 GB)","₹19,999",8 GB RAM | 128 GB ROM | Expandable Upto 2 TB16.66 cm (6.56 inch) HD+ Display50MP + 2MP | 8MP Front Camera5000 mAh BatteryMediaTek Dimensity 700 Processor1 Year Warranty and 6 Months Warranty for In-Box Accessories,4.1
186,"Infinix Note 11s Free Fire Edition (Mithril Grey, 128 GB)","₹15,999",8 GB RAM | 128 GB ROM | Expandable Upto 512 GB17.65 cm (6.95 inch) Full HD+ Display50 MP + 2 MP Depth Lens + 2 MP Macro Lens | 16MP Front Camera5000 mAh Li-ion Polymer BatteryMediaTek Helio G96 Processor1 Year on Handset and 6 Months on Accessories,4.3
187,"OPPO A77 (Sky Blue, 128 GB)","₹15,999",4 GB RAM | 128 GB ROM | Expandable Upto 1 TB16.66 cm (6.56 inch) HD+ Display50MP + 2MP | 8MP Front Camera5000 mAh Lithium-ion Polymer BatteryMediatek Helio G35 Processor1 Year on Handset and 6 Months on Accessories,4.2
188,"REDMI Note 10T 5G (Mint Green, 128 GB)","₹16,999","6 GB RAM | 128 GB ROM16.66 cm (6.56 inch) Full HD+ Display48MP Primary Camera + 2MP Macro Lens + 2MP Depth Sensor | 8MP Front Camera5000 mAh Lithium Polymer BatteryMediatek Dimensity 700 ProcessorMax GPU Frequency: 950 MHz, Supports GAME Turbo 3.0, UFS2.2 Storage, Reading Mode 3.0, 360 Degree Ambient Light Sensors, Supports 18W Fast Charging1 Year Manufacturer Warranty for Phone and 6 Months Warranty for In the Box Accessories",4.2
189,"SAMSUNG Galaxy A04s (Black, 64 GB)","₹12,499",4 GB RAM | 64 GB ROM16.51 cm (6.5 inch) HD+ Display50MP + 50MP + 2MP + 2MP | 5MP Front Camera5000 mAh Lithium-ion BatteryExynos Octa Core Processor Processor1 Year Manufacturer Warranty For Device And 6 Months Manufacturer Warranty For In-box Accessories,4.1
190,"REDMI Note 10S (Shadow Black, 128 GB)","₹18,499",8 GB RAM | 128 GB ROM | Expandable Upto 512 GB16.33 cm (6.43 inch) Full HD+ Super AMOLED Display64MP + 8MP + 2MP + 2MP | 13MP Front Camera5000 mAh Lithium-Ploymer BatteryMediatek Helio G95 Processor1 Year Manufacturer Warranty for Phone and 6 Months Warranty for In the Box Accessories,4.2
191,"OPPO A16E (White, 64 GB)","₹12,990",4 GB RAM | 64 GB ROM | Expandable Upto 1 TB16.56 cm (6.52 inch) HD+ Display13MP Rear Camera | 5MP Front Camera4230 mAh BatteryMediatek Helio P22 Processor1 Year Manufacturer Warranty for Phone and 6 Months Warranty for In the Box Accessories,4.2
192,"REDMI Note 11 (Space Black, 64 GB)","₹15,499",6 GB RAM | 64 GB ROM16.33 cm (6.43 inch) Display50MP Rear Camera5000 mAh Battery12 Months Warranty,4.2
193,"OPPO A57 (glowing green, 64 GB)","₹13,479",4 GB RAM | 64 GB ROM16.66 cm (6.56 inch) Display13MP Rear Camera5000 mAh Battery1 year warranty by brand,4.4
194,"realme 6 Pro (Lightning Orange, 64 GB)","₹17,999",6 GB RAM | 64 GB ROM | Expandable Upto 256 GB16.76 cm (6.6 inch) Full HD+ Display64MP + 12MP + 8MP + 2MP | 16MP + 8MP Dual Front Camera4300 mAh BatterySnapdragon 720G Processor90 Hz Ultra Smooth Display30 W Flash ChargeSide Fingerprint Sensor | Dual In Display SelfieBrand Warranty of 1 Year Available for Mobile Including Battery and 6 Months for Accessories,4.4
195,"realme 9i (Prism Black, 128 GB)","₹16,989",6 GB RAM | 128 GB ROM | Expandable Upto 1 TB16.76 cm (6.6 inch) Full HD+ Display50MP + 2MP + 2MP | 16MP Front Camera5000 mAh Lithium ion BatteryQualcomm Snapdragon 680 (SM6225) Processor1 Year Manufacturer Warranty for Phone and 6 Months Warranty for in the Box Accessories,4.5
196,"OPPO A57 (Glowing Green, 64 GB)","₹13,999",4 GB RAM | 64 GB ROM | Expandable Upto 1 TB16.66 cm (6.56 inch) HD+ Display13MP + 2MP | 8MP Front Camera5000 mAh Lithium-ion Polymer BatteryMediatek Helio G35 Processor1 Year Warranty for Phone and 6 Months Warranty for In-Box Accessories,4.4
197,"SAMSUNG Galaxy A23 (Blue, 128 GB)","₹17,999",6 GB RAM | 128 GB ROM | Expandable Upto 1 TB16.76 cm (6.6 inch) Full HD+ Display50MP Rear Camera | 8MP Front Camera5000 mAh Li-Ion BatteryOcta-core(EXYNOS) Processor1 year manufacturer warranty for device and 6 months manufacturer warranty for in-box,4.2
198,"vivo T1 5G (Starlight Black, 128 GB)","₹19,990",8 GB RAM | 128 GB ROM | Expandable Upto 1 TB16.71 cm (6.58 inch) Full HD+ Display50MP + 2MP + 2MP | 16MP Front Camera5000 mAh Lithium BatteryQualcomm Snapdragon 695 Processor1 Year Handset and 6 Months Accessories,4.3
199,"Tecno Spark 10 5G (Meta Blue, 128 GB)","₹14,498",8 GB RAM | 128 GB ROM16.76 cm (6.6 inch) Display50MP Rear Camera5000 mAh BatteryDomestic Warranty 1 Year For Handset And 6 Month For Accessories.,4.6
200,"vivo Y21G (Diamond Glow, 64 GB)","₹13,990",4 GB RAM | 64 GB ROM | Expandable Upto 1 TB16.54 cm (6.51 inch) HD+ Display13MP + 2MP | 8MP Front Camera5000 mAh Lithium BatteryMediatek MT6769 Helio G70 Processor1 Year for Device & 6 Months for In-Box Accessories,4.3
201,"OPPO A57 (Glowing Black, 64 GB)","₹13,999",4 GB RAM | 64 GB ROM | Expandable Upto 1 TB16.66 cm (6.56 inch) HD+ Display13MP + 2MP | 8MP Front Camera5000 mAh Lithium-ion Polymer BatteryMediatek Helio G35 Processor1 Year Warranty for Phone and 6 Months Warranty for In-Box Accessories,4.4
202,"REDMI Note 11T 5G (Aquamarine Blue, 128 GB)","₹18,986",6 GB RAM | 128 GB ROM16.76 cm (6.6 inch) Display50MP Rear Camera5000 mAh Battery1 Year Warranty,4.3
203,"Nokia 5.4 (Polar Night, 64 GB)","₹16,799",4 GB RAM | 64 GB ROM | Expandable Upto 512 GB16.23 cm (6.39 inch) HD+ Display48MP + 5MP + 2MP + 2MP | 16MP Front Camera4000 mAh Li-ion BatteryQualcomm Snapdragon 662 Processor1 Year Manufacturer Warranty for Device and Battery and 6 Months Manufacturer Warranty for In-Box Accessories from the Date of Purchase,3.9
204,"Tecno Spark 10 5G (Meta White, 128 GB)","₹14,980",8 GB RAM | 128 GB ROM16.76 cm (6.6 inch) Display50MP Rear Camera5000 mAh BatteryDomestic Warranty 1 Year For Handset And 6 Month For Accessories.,4.6
205,"SAMSUNG Galaxy M32 (Black, 128 GB)","₹17,999",6 GB RAM | 128 GB ROM16.26 cm (6.4 inch) Display64MP Rear Camera6000 mAh Battery1 Year Warranty,4.2
206,"realme XT (Pearl White, 64 GB)","₹16,980",4 GB RAM | 64 GB ROM | Expandable Upto 256 GB16.26 cm (6.4 inch) Display64MP + 8MP + 2MP + 2MP Quad Camera | 16MP Front Camera4000 mAh BatteryQualcomm 712 ProcessorFHD+ Super AMOLED DisplayIn Display Fingerprint SensorBrand warranty of 1 year for mobile and 6 months for accessories,4.5
207,"realme XT (Pearl Blue, 128 GB)","₹19,980",8 GB RAM | 128 GB ROM | Expandable Upto 256 GB16.26 cm (6.4 inch) Display64MP + 8MP + 2MP + 2MP Quad Camera | 16MP Front Camera4000 mAh BatteryQualcomm 712 ProcessorFHD+ Super AMOLED DisplayIn Display Fingerprint SensorBrand warranty of 1 year for mobile and 6 months for accessories,4.5
208,"vivo Y565G (Black Engine, 128 GB)","₹19,970",8 GB RAM | 128 GB ROM16.71 cm (6.58 inch) Full HD+ Display50MP + 2MP | 16MP Front Camera5000 mAh BatteryMTK Dimensity 700 Processor1 Year Manufacturer Warranty for Phone and 6 Months Warranty for In-Box Accessories,4.3
209,"SAMSUNG GALAXY M13 5G (?Stardust Brown, 128 GB)","₹14,299",6 GB RAM | 128 GB ROM16.51 cm (6.5 inch) Display50MP Rear Camera5000 mAh Battery12 Months Warranty,4.2
210,"SAMSUNG Galaxy A13 (Peach, 64 GB)","₹14,499",4 GB RAM | 64 GB ROM | Expandable Upto 1 TB16.76 cm (6.6 inch) Full HD+ Display50MP + 5MP + 2MP + 2MP | 8MP Front Camera5000 mAh Lithium Ion BatteryExynos Octa Core Processor1 Year Manufacturer Warranty for Device and 6 months Manufacturer Warranty for In-Box Accessories from Date of Purchase,4.1
211,"SAMSUNG Galaxy F23 5G (Aqua Blue, 128 GB)","₹15,999",4 GB RAM | 128 GB ROM | Expandable Upto 1 TB16.76 cm (6.6 inch) Full HD+ Display50MP + 8MP + 2MP | 8MP Front Camera5000 mAh Lithium Ion BatteryQualcomm Snapdragon 750G Processor1 Year Warranty Provided by the Manufacturer from Date of Purchase,4.2
212,"realme Narzo 30 Pro 5G (Blade Silver, 128 GB)","₹15,999",8 GB RAM | 128 GB ROM | Expandable Upto 256 GB16.51 cm (6.5 inch) Full HD+ Display48MP + 8MP + 2MP | 16MP Front Camera5000 mAh BatteryMediaTek Dimensity 800U Processor1 Year Warranty for Mobile and 6 Months for Accessories,4.3
213,"vivo Y75 (Moonlight Shadow, 128 GB)","₹16,988",8 GB RAM | 128 GB ROM | Expandable Upto 1 TB16.36 cm (6.44 inch) Full HD+ AMOLED Display50MP + 8MP + 2MP | 44MP Front Camera4050 mAh Lithium BatteryMediatek G96 Processor1 Year on Handset and 6 Months on Accessories,4.3
214,"IQOO Z6 44W (Lumina Blue, 128 GB)","₹16,895",6 GB RAM | 128 GB ROM16.36 cm (6.44 inch) Display50MP + 50MP + 2MP + 2MP | 16MP + 16MP Dual Front Camera5000 mAh Battery1 Year,4.3
215,"realme 9 (Stargaze White, 128 GB)","₹16,999",6 GB RAM | 128 GB ROM | Expandable Upto 256 GB16.26 cm (6.4 inch) Full HD+ AMOLED Display108MP + 8MP + 2MP | 16MP Front Camera5000 mAh Lithium Ion BatteryQualcomm Snapdragon 680 Processor1 Year Manufacturer Warranty for Phone and 6 Months Warranty for In-Box Accessories,4.4
